Year,Stage Number,Stage Title,Date,Departure,Arrival,Winner
2003,1,2003 86th Giro d'Italia (GT),10 May 2003,Lecce,Lecce,Petacchi
2003,2,2003 86th Giro d'Italia (GT),11 May 2003,Copertino,Matera,Baldato
2003,3,2003 86th Giro d'Italia (GT),12 May 2003,Policoro,Terme Liugiane,Garzelli
2003,4,2003 86th Giro d'Italia (GT),13 May 2003,Terme Luigiane,Vibo Valentia,McEwen
2003,5,2003 86th Giro d'Italia (GT),14 May 2003,Messina,Catania,Petacchi
2003,6,2003 86th Giro d'Italia (GT),15 May 2003,Maddaloni,Avezzano,Petacchi
2003,7,2003 86th Giro d'Italia (GT),17 May 2003,Avezzano,Terminillo,Garzelli
2003,8,2003 86th Giro d'Italia (GT),18 May 2003,Rieti,Arezzo,Cipollini
2003,9,2003 86th Giro d'Italia (GT),19 May 2003,Arezzo,Montecatini Terme,Cipollini
2003,10,2003 86th Giro d'Italia (GT),20 May 2003,Montecatini,Faenza,Arvesen
2003,11,2003 86th Giro d'Italia (GT),21 May 2003,Faenza,San Donà di Piave,McEwen
2003,12,2003 86th Giro d'Italia (GT),22 May 2003,San Donà di Piave,Monte Zoncolan,Simoni
2003,13,2003 86th Giro d'Italia (GT),23 May 2003,Pordenone,Marostica,Petacchi
2003,14,2003 86th Giro d'Italia (GT),24 May 2003,Marostica,Alpe Pampeago,Simoni
2003,15,2003 86th Giro d'Italia (GT),25 May 2003,Merano,Bolzano,González
2003,16,2003 86th Giro d'Italia (GT),26 May 2003,Arco Trento,Pavia,Petacchi
2003,17,2003 86th Giro d'Italia (GT),28 May 2003,Salice Terme,Asti,Petacchi
2003,18,2003 86th Giro d'Italia (GT),29 May 2003,Santuorio Vico,Chianale,Frigo
2003,19,2003 86th Giro d'Italia (GT),30 May 2003,Canelli,Cascata del Toce,Simoni
2003,20,2003 86th Giro d'Italia (GT),31 May 2003,Canobio,Cantu,Lombardi
2003,21,2003 86th Giro d'Italia (GT),01 June 2003,Idsroscalo,Milano,Honchar
2004,1,2004 87th Giro d'Italia (GT),09 May 2004,Genova,Alba,Petacchi
2004,2,2004 87th Giro d'Italia (GT),10 May 2004,Novi Ligure,Pontremoli,Cunego
2004,3,2004 87th Giro d'Italia (GT),11 May 2004,Pontremoli,Corno alle Scale,Simoni
2004,4,2004 87th Giro d'Italia (GT),12 May 2004,Porretta Terme,Civitella in Val di Chiana,Petacchi
2004,5,2004 87th Giro d'Italia (GT),13 May 2004,Civitella in Val di Chiana,Spoleto,McEwen
2004,6,2004 87th Giro d'Italia (GT),14 May 2004,Spoleto,Valmontone,Petacchi
2004,7,2004 87th Giro d'Italia (GT),15 May 2004,Frosinone,Montevergine di Mercogliano,Cunego
2004,8,2004 87th Giro d'Italia (GT),16 May 2004,Giffoni Valle Piana,Policoro,Petacchi
2004,9,2004 87th Giro d'Italia (GT),17 May 2004,Policoro,Carovigno,Rodriguez
2004,10,2004 87th Giro d'Italia (GT),18 May 2004,Porto Sant'Elpidio,Ascoli Piceno,Petacchi
2004,11,2004 87th Giro d'Italia (GT),20 May 2004,Porto Sant'Elpidio,Cesena,Sella
2004,12,2004 87th Giro d'Italia (GT),21 May 2004,Cesena,Treviso,Petacchi
2004,13,2004 87th Giro d'Italia (GT),22 May 2004,Trieste,Trieste,Honchar
2004,14,2004 87th Giro d'Italia (GT),23 May 2004,Trieste,Pula,Petacchi
2004,15,2004 87th Giro d'Italia (GT),24 May 2004,Poreč,San Vendemiano,Petacchi
2004,16,2004 87th Giro d'Italia (GT),25 May 2004,San Vendemiano,Falzes,Cunego
2004,17,2004 87th Giro d'Italia (GT),27 May 2004,Brunico,Fondo Sarnonico,Tonkov
2004,18,2004 87th Giro d'Italia (GT),28 May 2004,Cles Val di Non,Bormio 2000,Cunego
2004,19,2004 87th Giro d'Italia (GT),29 May 2004,Bormio,Presolana,Garzelli
2004,20,2004 87th Giro d'Italia (GT),30 May 2004,Clusone,Milano,Petacchi
2005,1,2005 88th Giro d'Italia (2.PT),08 May 2005,Calabria,Tropea,Bettini
2005,2,2005 88th Giro d'Italia (2.PT),09 May 2005,Catanzaro Lido,Santa Maria del Cedro,McEwen
2005,3,2005 88th Giro d'Italia (2.PT),10 May 2005,Diamante,Giffoni Valle Piana,Di Luca
2005,4,2005 88th Giro d'Italia (2.PT),11 May 2005,Giffoni Valle Piana,Frosinone,Mazzanti
2005,5,2005 88th Giro d'Italia (2.PT),12 May 2005,Celano,L'Aquila,Di Luca
2005,6,2005 88th Giro d'Italia (2.PT),13 May 2005,Viterbo,Marina di Grosseto,McEwen
2005,7,2005 88th Giro d'Italia (2.PT),14 May 2005,Grosseto,Pistoia,Gil
2005,8,2005 88th Giro d'Italia (2.PT),15 May 2005,Lamporecchio,Firenze,Zabriskie
2005,9,2005 88th Giro d'Italia (2.PT),16 May 2005,Firenze,Ravenna,Petacchi
2005,10,2005 88th Giro d'Italia (2.PT),17 May 2005,Ravenna,Rossano Veneto,McEwen
2005,11,2005 88th Giro d'Italia (2.PT),18 May 2005,Marostica,Zoldo Alto,Savoldelli
2005,12,2005 88th Giro d'Italia (2.PT),19 May 2005,Alleghe,Rovereto,Petacchi
2005,13,2005 88th Giro d'Italia (2.PT),21 May 2005,Mezzocorona,Ortisei,Parra
2005,14,2005 88th Giro d'Italia (2.PT),22 May 2005,Egna,Livigno,Parra
2005,15,2005 88th Giro d'Italia (2.PT),23 May 2005,Villa di Tirano,Lissone,Petacchi
2005,16,2005 88th Giro d'Italia (2.PT),25 May 2005,Lissone,Varazze,Le Mével
2005,17,2005 88th Giro d'Italia (2.PT),26 May 2005,Varazze,Limone Piemonte (Colle di Tenda),Basso
2005,18,2005 88th Giro d'Italia (2.PT),27 May 2005,Chieri,Torino,Basso
2005,19,2005 88th Giro d'Italia (2.PT),28 May 2005,Savigliano,Sestriere,Rujano
2005,20,2005 88th Giro d'Italia (2.PT),29 May 2005,Albese con Cassano,Milano,Petacchi
2006,1,2006 89th Giro d'Italia (2.PT),07 May 2006,Mons,Charleroi Marcinelle,McEwen
2006,2,2006 89th Giro d'Italia (2.PT),08 May 2006,Perwez,Namur,Schumacher
2006,3,2006 89th Giro d'Italia (2.PT),09 May 2006,Wanze,Hotton,McEwen
2006,4,2006 89th Giro d'Italia (2.PT),11 May 2006,Piacenza,Cremona,Julich
2006,5,2006 89th Giro d'Italia (2.PT),12 May 2006,Busseto,Forli,McEwen
2006,6,2006 89th Giro d'Italia (2.PT),13 May 2006,Cesena,Saltara,Verbrugghe
2006,7,2006 89th Giro d'Italia (2.PT),14 May 2006,Civitanova Marche,Maielletta Passo Lanciano,Basso
2006,8,2006 89th Giro d'Italia (2.PT),15 May 2006,Francavilla Al Mare,Termoli,Vaitkus
2006,9,2006 89th Giro d'Italia (2.PT),16 May 2006,Termoli,Peschici,Pellizotti
2006,10,2006 89th Giro d'Italia (2.PT),18 May 2006,Pontedera,Pontedera,Ullrich
2006,11,2006 89th Giro d'Italia (2.PT),19 May 2006,Livorno,Sestri Levante,Horrach
2006,12,2006 89th Giro d'Italia (2.PT),20 May 2006,Alessandria,La Thuile,Piepoli
2006,13,2006 89th Giro d'Italia (2.PT),21 May 2006,Aosta,Domodossola,Laverde
2006,14,2006 89th Giro d'Italia (2.PT),22 May 2006,Mergozzo,Brescia,Bettini
2006,15,2006 89th Giro d'Italia (2.PT),23 May 2006,Rovato,Monte Bondone,Basso
2006,16,2006 89th Giro d'Italia (2.PT),24 May 2006,Termeno/Tramin,Passo Furcia,Piepoli
2006,17,2006 89th Giro d'Italia (2.PT),25 May 2006,Sillian,Gemona del Friuli,Schumacher
2006,18,2006 89th Giro d'Italia (2.PT),26 May 2006,Pordenone,Passo San Pellegrino,Garate
2006,19,2006 89th Giro d'Italia (2.PT),27 May 2006,Trento,Aprica,Basso
2006,20,2006 89th Giro d'Italia (2.PT),28 May 2006,Museo Del Ghisallo,Milano,Förster
2007,1,2007 90th Giro d'Italia (2.PT),12 May 2007,Caprera,La Maddalena,Nibali
2007,2,2007 90th Giro d'Italia (2.PT),13 May 2007,Tempio Pausania,Bosa,McEwen
2007,3,2007 90th Giro d'Italia (2.PT),14 May 2007,Barumini,Cagliari,Petacchi
2007,4,2007 90th Giro d'Italia (2.PT),16 May 2007,Salerno,Montevergine di Mercogliano,Di Luca
2007,5,2007 90th Giro d'Italia (2.PT),17 May 2007,Teano,Frascati,Förster
2007,6,2007 90th Giro d'Italia (2.PT),18 May 2007,Tivoli,Spoleto,Laverde
2007,7,2007 90th Giro d'Italia (2.PT),19 May 2007,Spoleto,Scarperia,Petacchi
2007,8,2007 90th Giro d'Italia (2.PT),20 May 2007,Barberino di Mugello,Fiorano Modenese,Arvesen
2007,9,2007 90th Giro d'Italia (2.PT),21 May 2007,Reggio nell'Emilia,Lido di Camaiore,Napolitano
2007,10,2007 90th Giro d'Italia (2.PT),22 May 2007,Lido di Camaiore,Santuario Nostra Signora della Guardia,Piepoli
2007,11,2007 90th Giro d'Italia (2.PT),23 May 2007,Serravalle Scrivia,Pinerolo,Petacchi
2007,12,2007 90th Giro d'Italia (2.PT),24 May 2007,Scalenghe,Briançon,Di Luca
2007,13,2007 90th Giro d'Italia (2.PT),25 May 2007,Biella,Santuario di Oropa,Bruseghin
2007,14,2007 90th Giro d'Italia (2.PT),26 May 2007,Cantù,Bergamo,Garzelli
2007,15,2007 90th Giro d'Italia (2.PT),27 May 2007,Trento,Tre Cime di Lavaredo,Riccò
2007,16,2007 90th Giro d'Italia (2.PT),29 May 2007,Agordo,Lienz,Garzelli
2007,17,2007 90th Giro d'Italia (2.PT),30 May 2007,Lienz,Monte Zoncolan,Simoni
2007,18,2007 90th Giro d'Italia (2.PT),31 May 2007,Udine,Riese Pio X,Petacchi
2007,19,2007 90th Giro d'Italia (2.PT),01 June 2007,Treviso,Comano Terme,Mayo
2007,20,2007 90th Giro d'Italia (2.PT),02 June 2007,Bardolino,Verona,Savoldelli
2007,21,2007 90th Giro d'Italia (2.PT),03 June 2007,Vestone,Milano,Petacchi
2008,1,2008 91st Giro d'Italia (2.HC),10 May 2008,Palermo,Palermo,Bäckstedt
2008,2,2008 91st Giro d'Italia (2.HC),11 May 2008,Cefalù,Agrigento,Riccò
2008,3,2008 91st Giro d'Italia (2.HC),12 May 2008,Catania,Milazzo,Bennati
2008,4,2008 91st Giro d'Italia (2.HC),13 May 2008,Pizzo Calabro,Catanzaro-Lungomare,Cavendish
2008,5,2008 91st Giro d'Italia (2.HC),14 May 2008,Belvedere Marittimo,Contursi Terme,Brutt
2008,6,2008 91st Giro d'Italia (2.HC),15 May 2008,Potenza,Peschici,Priamo
2008,7,2008 91st Giro d'Italia (2.HC),16 May 2008,Vasto,Pescocostanzo,Bosisio
2008,8,2008 91st Giro d'Italia (2.HC),17 May 2008,Rivisondoli,Tivoli,Riccò
2008,9,2008 91st Giro d'Italia (2.HC),18 May 2008,Civitavecchia,San Vincenzo,Bennati
2008,10,2008 91st Giro d'Italia (2.HC),20 May 2008,Pesaro,Urbino,Bruseghin
2008,11,2008 91st Giro d'Italia (2.HC),21 May 2008,Urbania,Cesena,Bertolini
2008,12,2008 91st Giro d'Italia (2.HC),22 May 2008,Forli,Carpi,Bennati
2008,13,2008 91st Giro d'Italia (2.HC),23 May 2008,Modena,Cittadella,Cavendish
2008,14,2008 91st Giro d'Italia (2.HC),24 May 2008,Verona,Alpe di Pampeago - Val di Fiemme,Sella
2008,15,2008 91st Giro d'Italia (2.HC),25 May 2008,Arabba,Passo Fedaia,Sella
2008,16,2008 91st Giro d'Italia (2.HC),26 May 2008,San Vigilio di Marebbe,Plan de Corones,Pellizotti
2008,17,2008 91st Giro d'Italia (2.HC),28 May 2008,Sondrio,Locarno,Greipel
2008,18,2008 91st Giro d'Italia (2.HC),29 May 2008,Mendrisio,Varese,Voigt
2008,19,2008 91st Giro d'Italia (2.HC),30 May 2008,Legnano,Monte Pora,Kiryienka
2008,20,2008 91st Giro d'Italia (2.HC),31 May 2008,Rovetta,Tirano,Sella
2008,21,2008 91st Giro d'Italia (2.HC),01 June 2008,Cesano Maderno,Milano,Pinotti
2009,1,2009 92nd Giro d'Italia (2.HC),09 May 2009,Lido di Venezia,Lido di Venezia,Rogers
2009,2,2009 92nd Giro d'Italia (2.HC),10 May 2009,Jesolo,Trieste,Petacchi
2009,3,2009 92nd Giro d'Italia (2.HC),11 May 2009,Grado,Valdobbiadene,Petacchi
2009,4,2009 92nd Giro d'Italia (2.HC),12 May 2009,Padova,San Martino di Castrozza,Di Luca
2009,5,2009 92nd Giro d'Italia (2.HC),13 May 2009,San Martino di Castrozza,Alpe di Siusi,Menchov
2009,6,2009 92nd Giro d'Italia (2.HC),14 May 2009,Bressanone,Mayrhofen,Scarponi
2009,7,2009 92nd Giro d'Italia (2.HC),15 May 2009,Innsbruck,Chiavenna,Boasson Hagen
2009,8,2009 92nd Giro d'Italia (2.HC),16 May 2009,Morbegno,Bergamo,Siutsou
2009,9,2009 92nd Giro d'Italia (2.HC),17 May 2009,Milan,Milan,Cavendish
2009,10,2009 92nd Giro d'Italia (2.HC),19 May 2009,Cuneo,Pinerolo,Di Luca
2009,11,2009 92nd Giro d'Italia (2.HC),20 May 2009,Torino,Arenzano,Cavendish
2009,12,2009 92nd Giro d'Italia (2.HC),21 May 2009,Sestri Levante,Riomaggiore,Menchov
2009,13,2009 92nd Giro d'Italia (2.HC),22 May 2009,Lido di Camaiore,Firenze,Cavendish
2009,14,2009 92nd Giro d'Italia (2.HC),23 May 2009,Campi Bisenzio,Bologna,Gerrans
2009,15,2009 92nd Giro d'Italia (2.HC),24 May 2009,Forli,Faenza,Bertagnolli
2009,16,2009 92nd Giro d'Italia (2.HC),25 May 2009,Pergola,Monte Petrano,Sastre
2009,17,2009 92nd Giro d'Italia (2.HC),27 May 2009,Chieti,Blockhaus,Pellizotti
2009,18,2009 92nd Giro d'Italia (2.HC),28 May 2009,Sulmona,Benevento,Scarponi
2009,19,2009 92nd Giro d'Italia (2.HC),29 May 2009,Avellino,Vesuvio,Sastre
2009,20,2009 92nd Giro d'Italia (2.HC),30 May 2009,Napoli,Anagni,Gilbert
2009,21,2009 92nd Giro d'Italia (2.HC),31 May 2009,Roma,Roma,Konovalovas
2010,1,2010 93rd Giro d'Italia (2.HC),08 May 2010,Amsterdam,Amsterdam,Wiggins
2010,2,2010 93rd Giro d'Italia (2.HC),09 May 2010,Amsterdam,Utrecht,Farrar
2010,3,2010 93rd Giro d'Italia (2.HC),10 May 2010,Amsterdam,Middelburg,Weylandt
2010,4,2010 93rd Giro d'Italia (2.HC),,,,
2010,5,2010 93rd Giro d'Italia (2.HC),13 May 2010,Novara,Novi Ligure,Pineau
2010,6,2010 93rd Giro d'Italia (2.HC),14 May 2010,Fidenza,Carrara,Lloyd
2010,7,2010 93rd Giro d'Italia (2.HC),15 May 2010,Carrara,Montalcino,Evans
2010,8,2010 93rd Giro d'Italia (2.HC),16 May 2010,Chianciano Terme,Terminillo,Sørensen
2010,9,2010 93rd Giro d'Italia (2.HC),17 May 2010,Frosinone,Cava De' Tirreni,Goss
2010,10,2010 93rd Giro d'Italia (2.HC),18 May 2010,Avellino,Bitonto,Farrar
2010,11,2010 93rd Giro d'Italia (2.HC),19 May 2010,Lucera,L'Aquila,Petrov
2010,12,2010 93rd Giro d'Italia (2.HC),20 May 2010,Città Sant'Angelo,Porto Recanati,Pozzato
2010,13,2010 93rd Giro d'Italia (2.HC),21 May 2010,Porto Recanati,Cesenatico,Belletti
2010,14,2010 93rd Giro d'Italia (2.HC),22 May 2010,Ferrara,Asolo,Nibali
2010,15,2010 93rd Giro d'Italia (2.HC),23 May 2010,Mestre,Monte Zoncolan,Basso
2010,16,2010 93rd Giro d'Italia (2.HC),25 May 2010,San Vigilio di Marebbe,Plan de Corones,Garzelli
2010,17,2010 93rd Giro d'Italia (2.HC),26 May 2010,Brunico,Peio Terme,Monier
2010,18,2010 93rd Giro d'Italia (2.HC),27 May 2010,Levico Terme,Brescia,Greipel
2010,19,2010 93rd Giro d'Italia (2.HC),28 May 2010,Brescia,Aprica,Scarponi
2010,20,2010 93rd Giro d'Italia (2.HC),29 May 2010,Bormio,Ponte di Legno Tonale,Tschopp
2010,21,2010 93rd Giro d'Italia (2.HC),30 May 2010,Verona,Verona,Larsson
2011,1,2011 94th Giro d'Italia (WT),07 May 2011,Venaria Reale,Torino,Pinotti
2011,2,2011 94th Giro d'Italia (WT),08 May 2011,Alba,Parma,Petacchi
2011,3,2011 94th Giro d'Italia (WT),09 May 2011,Reggio Emilia,Rapallo,Vicioso
2011,4,2011 94th Giro d'Italia (WT),10 May 2011,Genova Quarto dei Mille,Livorno,Millar
2011,5,2011 94th Giro d'Italia (WT),11 May 2011,Piombino,Orvieto,Weening
2011,6,2011 94th Giro d'Italia (WT),12 May 2011,Orvieto,Fiuggi,Ventoso
2011,7,2011 94th Giro d'Italia (WT),13 May 2011,Maddaloni,Montevergine de Mercogliano,De Clercq
2011,8,2011 94th Giro d'Italia (WT),14 May 2011,Sapri,Tropea,Gatto
2011,9,2011 94th Giro d'Italia (WT),15 May 2011,Messina,Etna,Contador
2011,10,2011 94th Giro d'Italia (WT),17 May 2011,Termoli,Teramo,Cavendish
2011,11,2011 94th Giro d'Italia (WT),18 May 2011,Tortoreto Lido,Castelfidardo,Gadret
2011,12,2011 94th Giro d'Italia (WT),19 May 2011,Castefidardo,Ravenna,Cavendish
2011,13,2011 94th Giro d'Italia (WT),20 May 2011,Spilimbergo,Großglockner,Rujano
2011,14,2011 94th Giro d'Italia (WT),21 May 2011,Lienz,Monte Zoncolan,Antón
2011,15,2011 94th Giro d'Italia (WT),22 May 2011,Conegliano,Gardeccia/Val di Fassa,Nieve
2011,16,2011 94th Giro d'Italia (WT),24 May 2011,Belluno,Nevegal,Contador
2011,17,2011 94th Giro d'Italia (WT),25 May 2011,Feltre,Tirano,Ulissi
2011,18,2011 94th Giro d'Italia (WT),26 May 2011,Morbegno,San Pellegrine Terme,Capecchi
2011,19,2011 94th Giro d'Italia (WT),27 May 2011,Bergamo,Macugnaga,Tiralongo
2011,20,2011 94th Giro d'Italia (WT),28 May 2011,Verbania,Sestriere,Kiryienka
2011,21,2011 94th Giro d'Italia (WT),29 May 2011,Milano,Milano,Millar
2012,1,2012 95th Giro d'Italia (WT),05 May 2012,Herning,Herning,Phinney
2012,2,2012 95th Giro d'Italia (WT),06 May 2012,Herning,Herning,Cavendish
2012,3,2012 95th Giro d'Italia (WT),07 May 2012,Horsens,Horsens,Goss
2012,4,2012 95th Giro d'Italia (WT),09 May 2012,Verona,Verona,Hesjedal
2012,5,2012 95th Giro d'Italia (WT),10 May 2012,Modena,Fano,Cavendish
2012,6,2012 95th Giro d'Italia (WT),11 May 2012,Urbino,Porto Sant'Elpidio,Rubiano
2012,7,2012 95th Giro d'Italia (WT),12 May 2012,Recanati,Rocca di Cambio,Tiralongo
2012,8,2012 95th Giro d'Italia (WT),13 May 2012,Sulmona,Lago Laceno,Pozzovivo
2012,9,2012 95th Giro d'Italia (WT),14 May 2012,San Giorgio nel Sannio,Frosinone,Ventoso
2012,10,2012 95th Giro d'Italia (WT),15 May 2012,Civitavecchia,Assisi,Rodríguez
2012,11,2012 95th Giro d'Italia (WT),16 May 2012,Assisi,Montecatini Terme,Ferrari
2012,12,2012 95th Giro d'Italia (WT),17 May 2012,Seravezza,Sestri Levante,Bak
2012,13,2012 95th Giro d'Italia (WT),18 May 2012,Savona,Cervere,Cavendish
2012,14,2012 95th Giro d'Italia (WT),19 May 2012,Cherasco,Breuil-Cervinia,Amador
2012,15,2012 95th Giro d'Italia (WT),20 May 2012,Busto Arsizio,Piani dei Resinelli,Rabottini
2012,16,2012 95th Giro d'Italia (WT),22 May 2012,Limone del Garda,Falzes,Izagirre
2012,17,2012 95th Giro d'Italia (WT),23 May 2012,Falzes,Cortina d'Ampezzo,Rodríguez
2012,18,2012 95th Giro d'Italia (WT),24 May 2012,San Vito Cadore,Vedelago,Guardini
2012,19,2012 95th Giro d'Italia (WT),25 May 2012,Treviso,Alpe di Pampeago,Kreuziger
2012,20,2012 95th Giro d'Italia (WT),26 May 2012,Val di Sole,Passo dello Stelvio,De Gendt
2012,21,2012 95th Giro d'Italia (WT),27 May 2012,Milano,Milano,Pinotti
2013,1,2013 96th Giro d'Italia (WT),04 May 2013,Naples,Naples,Cavendish
2013,2,2013 96th Giro d'Italia (WT),05 May 2013,Ischia,Forio,Henao
2013,3,2013 96th Giro d'Italia (WT),06 May 2013,Sorrento,Marina di Ascea,Paolini
2013,4,2013 96th Giro d'Italia (WT),07 May 2013,Policastro Bussentino,Serra San Bruno,Battaglin
2013,5,2013 96th Giro d'Italia (WT),08 May 2013,Cosenza,Matera,Degenkolb
2013,6,2013 96th Giro d'Italia (WT),09 May 2013,Mola di Bari,Margherita di Savoia,Cavendish
2013,7,2013 96th Giro d'Italia (WT),10 May 2013,San Salvo,Pescara,Hansen
2013,8,2013 96th Giro d'Italia (WT),11 May 2013,Gabicce Mare,Saltara,Dowsett
2013,9,2013 96th Giro d'Italia (WT),12 May 2013,San Sepoicro,Firenze,Belkov
2013,10,2013 96th Giro d'Italia (WT),14 May 2013,Cordenons,Altopiano del Montasio,Urán
2013,11,2013 96th Giro d'Italia (WT),15 May 2013,Tarvisio (Cave del Predil),Vajont,Navardauskas
2013,12,2013 96th Giro d'Italia (WT),16 May 2013,Longarone,Treviso,Cavendish
2013,13,2013 96th Giro d'Italia (WT),17 May 2013,Busseto,Cherasco,Cavendish
2013,14,2013 96th Giro d'Italia (WT),18 May 2013,Cervere,Bardonecchia (Jafferau),Santambrogio
2013,15,2013 96th Giro d'Italia (WT),19 May 2013,Cesana Torinese,Les Granges du Galibier,Visconti
2013,16,2013 96th Giro d'Italia (WT),21 May 2013,Valloire,Ivrea,Intxausti
2013,17,2013 96th Giro d'Italia (WT),22 May 2013,Caravaggio,Vicenza,Visconti
2013,18,2013 96th Giro d'Italia (WT),23 May 2013,Mori,Polsa,Nibali
2013,19,2013 96th Giro d'Italia (WT),24 May 2013,Ponte di Legno,Val Martello/Martelital,
2013,20,2013 96th Giro d'Italia (WT),25 May 2013,Silandro/Schlanders,Tre Cime de Lavaredo,Nibali
2013,21,2013 96th Giro d'Italia (WT),26 May 2013,Riese Pio X,Brescia,Cavendish
2014,1,2014 97th Giro d'Italia (2.UWT),09 May 2014,Belfast,Belfast,Santaromita
2014,2,2014 97th Giro d'Italia (2.UWT),10 May 2014,Belfast,Belfast,Kittel
2014,3,2014 97th Giro d'Italia (2.UWT),11 May 2014,Armagh,Dublin,Kittel
2014,4,2014 97th Giro d'Italia (2.UWT),13 May 2014,Giovinazzo,Bari,Bouhanni
2014,5,2014 97th Giro d'Italia (2.UWT),14 May 2014,Taranto,Viggiano,Ulissi
2014,6,2014 97th Giro d'Italia (2.UWT),15 May 2014,Sassano,Montecassino,Matthews
2014,7,2014 97th Giro d'Italia (2.UWT),16 May 2014,Frosinone,Foligno,Bouhanni
2014,8,2014 97th Giro d'Italia (2.UWT),17 May 2014,Foligno,Montecopiolo,Ulissi
2014,9,2014 97th Giro d'Italia (2.UWT),18 May 2014,Lugo,Sestola (Passo del Lupo),Weening
2014,10,2014 97th Giro d'Italia (2.UWT),20 May 2014,Modena,Salsomaggiore Terme,Bouhanni
2014,11,2014 97th Giro d'Italia (2.UWT),21 May 2014,Collecchio,Savona,Rogers
2014,12,2014 97th Giro d'Italia (2.UWT),22 May 2014,Barbaresco,Barolo,Urán
2014,13,2014 97th Giro d'Italia (2.UWT),23 May 2014,Fossano,Rivarolo Canavese,Canola
2014,14,2014 97th Giro d'Italia (2.UWT),24 May 2014,Aglie,Oropa,Battaglin
2014,15,2014 97th Giro d'Italia (2.UWT),25 May 2014,Valdengo,Plan di Montecampione,Aru
2014,16,2014 97th Giro d'Italia (2.UWT),27 May 2014,Ponte de Legno,Val Martello/Martelltal,Quintana
2014,17,2014 97th Giro d'Italia (2.UWT),28 May 2014,Sarnonico,Vittorio Veneto,Pirazzi
2014,18,2014 97th Giro d'Italia (2.UWT),29 May 2014,Belluno,Rif. Panarotta (Valsugana),Arredondo
2014,19,2014 97th Giro d'Italia (2.UWT),30 May 2014,Bassano de Grappa,Cima Grappa (Crespano del Grappa),Quintana
2014,20,2014 97th Giro d'Italia (2.UWT),31 May 2014,Maniago,Monte Zoncolan,Rogers
2014,21,2014 97th Giro d'Italia (2.UWT),01 June 2014,Gemona del Friuli,Trieste,Mezgec
2015,1,2015 98th Giro d'Italia (2.UWT),09 May 2015,San Lorenzo Mare,Sanremo,Bewley
2015,2,2015 98th Giro d'Italia (2.UWT),10 May 2015,Albenga,Genova,Viviani
2015,3,2015 98th Giro d'Italia (2.UWT),11 May 2015,Rapallo,Sestri Levante,Matthews
2015,4,2015 98th Giro d'Italia (2.UWT),12 May 2015,Chiavari,La Spezia,Formolo
2015,5,2015 98th Giro d'Italia (2.UWT),13 May 2015,La Spezia,Abetone,Polanc
2015,6,2015 98th Giro d'Italia (2.UWT),14 May 2015,Montecatini Terme,Castiglione della Pescaia,Greipel
2015,7,2015 98th Giro d'Italia (2.UWT),15 May 2015,Grosseto,Fiuggi,Ulissi
2015,8,2015 98th Giro d'Italia (2.UWT),16 May 2015,Fiuggi,Campitello Matese,Intxausti
2015,9,2015 98th Giro d'Italia (2.UWT),17 May 2015,Benevento,San Giorgio del Sannio,Tiralongo
2015,10,2015 98th Giro d'Italia (2.UWT),19 May 2015,Civitanova Marche,Forlì,Boem
2015,11,2015 98th Giro d'Italia (2.UWT),20 May 2015,Forlì,Imola,Zakarin
2015,12,2015 98th Giro d'Italia (2.UWT),21 May 2015,Imola,Vicenza (Monte Berico),Gilbert
2015,13,2015 98th Giro d'Italia (2.UWT),22 May 2015,Montecchio Maggiore,Lido di Jesolo,Modolo
2015,14,2015 98th Giro d'Italia (2.UWT),23 May 2015,Treviso,Valdobbiadene,Kiryienka
2015,15,2015 98th Giro d'Italia (2.UWT),24 May 2015,Marostica,Madonna di Campiglio,Landa
2015,16,2015 98th Giro d'Italia (2.UWT),26 May 2015,Pinzolo,Aprica,Landa
2015,17,2015 98th Giro d'Italia (2.UWT),27 May 2015,Tirano,Lugano,Modolo
2015,18,2015 98th Giro d'Italia (2.UWT),28 May 2015,Melide,Verbania,Gilbert
2015,19,2015 98th Giro d'Italia (2.UWT),29 May 2015,Gravellona Toce,Cervinia,Aru
2015,20,2015 98th Giro d'Italia (2.UWT),30 May 2015,Saint Vincent,Sestriere,Aru
2015,21,2015 98th Giro d'Italia (2.UWT),31 May 2015,Turin,Milan,Keisse
2016,1,2016 99th Giro d'Italia (2.UWT),06 May 2016,Apeldoorn,Apeldoorn,Dumoulin
2016,2,2016 99th Giro d'Italia (2.UWT),07 May 2016,Arnhem,Nijmegen,Kittel
2016,3,2016 99th Giro d'Italia (2.UWT),08 May 2016,Nijmegen,Arnhem,Kittel
2016,4,2016 99th Giro d'Italia (2.UWT),10 May 2016,Catanzaro,Praia a Mare,Ulissi
2016,5,2016 99th Giro d'Italia (2.UWT),11 May 2016,Praia a Mare,Benevento,Greipel
2016,6,2016 99th Giro d'Italia (2.UWT),12 May 2016,Ponte,Roccaraso (Aremogna),Wellens
2016,7,2016 99th Giro d'Italia (2.UWT),13 May 2016,Sulmona,Foligno,Greipel
2016,8,2016 99th Giro d'Italia (2.UWT),14 May 2016,Foligno,Arezzo,Brambilla
2016,9,2016 99th Giro d'Italia (2.UWT),15 May 2016,Radda in Chianti,Greve in Chianti,Roglič
2016,10,2016 99th Giro d'Italia (2.UWT),17 May 2016,Campi Bisenzio,Sestola,Ciccone
2016,11,2016 99th Giro d'Italia (2.UWT),18 May 2016,Modena,Asolo,Ulissi
2016,12,2016 99th Giro d'Italia (2.UWT),19 May 2016,Noale,Bibione,Greipel
2016,13,2016 99th Giro d'Italia (2.UWT),20 May 2016,Palmanova,Cividale del Friuli,Nieve
2016,14,2016 99th Giro d'Italia (2.UWT),21 May 2016,Alpago,Corvara (Alta Badia),Chaves
2016,15,2016 99th Giro d'Italia (2.UWT),22 May 2016,Castelrotto,Alpe di Siusi,Foliforov
2016,16,2016 99th Giro d'Italia (2.UWT),24 May 2016,Bressanone,Andalo,Valverde
2016,17,2016 99th Giro d'Italia (2.UWT),25 May 2016,Molveno,Cassano d'Adda,Kluge
2016,18,2016 99th Giro d'Italia (2.UWT),26 May 2016,Muggiò,Pinerolo,Trentin
2016,19,2016 99th Giro d'Italia (2.UWT),27 May 2016,Pinerolo,Risoul,Nibali
2016,20,2016 99th Giro d'Italia (2.UWT),28 May 2016,Guillestre,Sant'Anna di Vinadio,Taaramäe
2016,21,2016 99th Giro d'Italia (2.UWT),29 May 2016,Cuneo,Torino,Arndt
2017,1,2017 100th Giro d'Italia (2.UWT),05 May 2017,Alghero,Olbia,Pöstlberger
2017,2,2017 100th Giro d'Italia (2.UWT),06 May 2017,Olbia,Tortoli,Greipel
2017,3,2017 100th Giro d'Italia (2.UWT),07 May 2017,Tortolì,Cagliari,Gaviria
2017,4,2017 100th Giro d'Italia (2.UWT),09 May 2017,Cefalù,Etna,Polanc
2017,5,2017 100th Giro d'Italia (2.UWT),10 May 2017,Pedara,Messina,Gaviria
2017,6,2017 100th Giro d'Italia (2.UWT),11 May 2017,Reggio Calabria,Terme Luigiane,Dillier
2017,7,2017 100th Giro d'Italia (2.UWT),12 May 2017,Castrovillari,Alberobello,Ewan
2017,8,2017 100th Giro d'Italia (2.UWT),13 May 2017,Molfetta,Peschici,Izagirre
2017,9,2017 100th Giro d'Italia (2.UWT),14 May 2017,Montenero di Bisaccia,Blockhaus,Quintana
2017,10,2017 100th Giro d'Italia (2.UWT),16 May 2017,Foligno,Montefalco,Dumoulin
2017,11,2017 100th Giro d'Italia (2.UWT),17 May 2017,Firenze,Bagno di Romagna,Fraile
2017,12,2017 100th Giro d'Italia (2.UWT),18 May 2017,Forlì,Reggio Emilia,Gaviria
2017,13,2017 100th Giro d'Italia (2.UWT),19 May 2017,Reggio Emilia,Tortona,Gaviria
2017,14,2017 100th Giro d'Italia (2.UWT),20 May 2017,Castellania,Oropa,Dumoulin
2017,15,2017 100th Giro d'Italia (2.UWT),21 May 2017,Valdengo,Bergamo,Jungels
2017,16,2017 100th Giro d'Italia (2.UWT),23 May 2017,Rovetta,Bormio,Nibali
2017,17,2017 100th Giro d'Italia (2.UWT),24 May 2017,Tirano,Canazei,Rolland
2017,18,2017 100th Giro d'Italia (2.UWT),25 May 2017,Moena,Ortisei/St. Urlich,van Garderen
2017,19,2017 100th Giro d'Italia (2.UWT),26 May 2017,San Candido/Innichen,Piancavallo,Landa
2017,20,2017 100th Giro d'Italia (2.UWT),27 May 2017,Pordenone,Asiago,Pinot
2017,21,2017 100th Giro d'Italia (2.UWT),28 May 2017,Monza,Milano,van Emden
2018,1,2018 101st Giro d'Italia (2.UWT),04 May 2018,Jerusalem,Jerusalem,Dumoulin
2018,2,2018 101st Giro d'Italia (2.UWT),05 May 2018,Haifa,Tel Aviv,Viviani
2018,3,2018 101st Giro d'Italia (2.UWT),06 May 2018,Be'er Sheva,Eilat,Viviani
2018,4,2018 101st Giro d'Italia (2.UWT),08 May 2018,Catania,Caltagirone,Wellens
2018,5,2018 101st Giro d'Italia (2.UWT),09 May 2018,Agrigento,Santa Ninfa (Valle del Belice),Battaglin
2018,6,2018 101st Giro d'Italia (2.UWT),10 May 2018,Caltanissetta,Etna,Chaves
2018,7,2018 101st Giro d'Italia (2.UWT),11 May 2018,Pizzo,Praia a Mare,Bennett
2018,8,2018 101st Giro d'Italia (2.UWT),12 May 2018,Praia a Mare,Montevergine di Mercogliano,Carapaz
2018,9,2018 101st Giro d'Italia (2.UWT),13 May 2018,Pesco Sannita,Gran Sasso d'Italia,Yates
2018,10,2018 101st Giro d'Italia (2.UWT),15 May 2018,Penne,Gualdo Tadino,Mohorič
2018,11,2018 101st Giro d'Italia (2.UWT),16 May 2018,Assisi,Osimo,Yates
2018,12,2018 101st Giro d'Italia (2.UWT),17 May 2018,Osimo,Imola,Bennett
2018,13,2018 101st Giro d'Italia (2.UWT),18 May 2018,Ferrara,Nervesa della Battaglia,Viviani
2018,14,2018 101st Giro d'Italia (2.UWT),19 May 2018,San Vito al Tagliamento,Monte Zoncolan,Froome
2018,15,2018 101st Giro d'Italia (2.UWT),20 May 2018,Tolmezzo,Sappada,Yates
2018,16,2018 101st Giro d'Italia (2.UWT),22 May 2018,Trento,Rovereto,Dennis
2018,17,2018 101st Giro d'Italia (2.UWT),23 May 2018,Riva del Garda,Iseo,Viviani
2018,18,2018 101st Giro d'Italia (2.UWT),24 May 2018,Abbiategrasso,Prato Nevoso,Schachmann
2018,19,2018 101st Giro d'Italia (2.UWT),25 May 2018,Venaria Reale,Bardonecchia (Jafferau),Froome
2018,20,2018 101st Giro d'Italia (2.UWT),26 May 2018,Susa,Cervinia,Nieve
2018,21,2018 101st Giro d'Italia (2.UWT),27 May 2018,Roma,Roma,Bennett
2019,1,2019 102nd Giro d'Italia (2.UWT),11 May 2019,Bologna,Madonna di San Luca,Roglič
2019,2,2019 102nd Giro d'Italia (2.UWT),12 May 2019,Bologna,Fucecchio,Ackermann
2019,3,2019 102nd Giro d'Italia (2.UWT),13 May 2019,Vinci,Orbetello,Gaviria
2019,4,2019 102nd Giro d'Italia (2.UWT),14 May 2019,Orbetello,Frascati,Carapaz
2019,5,2019 102nd Giro d'Italia (2.UWT),15 May 2019,Frascati,Terracina,Ackermann
2019,6,2019 102nd Giro d'Italia (2.UWT),16 May 2019,Cassino,San Giovanni Rotondo,Masnada
2019,7,2019 102nd Giro d'Italia (2.UWT),17 May 2019,Vasto,L'Aquila,Bilbao
2019,8,2019 102nd Giro d'Italia (2.UWT),18 May 2019,Tortoreto Lido,Pesaro,Ewan
2019,9,2019 102nd Giro d'Italia (2.UWT),19 May 2019,Riccione,San Marino,Roglič
2019,10,2019 102nd Giro d'Italia (2.UWT),21 May 2019,Ravenna,Modena,Démare
2019,11,2019 102nd Giro d'Italia (2.UWT),22 May 2019,Carpi,Novi Ligure,Ewan
2019,12,2019 102nd Giro d'Italia (2.UWT),23 May 2019,Cuneo,Pinerolo,Benedetti
2019,13,2019 102nd Giro d'Italia (2.UWT),24 May 2019,Pinerolo,Ceresole Reale (Lago Serrù),Zakarin
2019,14,2019 102nd Giro d'Italia (2.UWT),25 May 2019,Saint Vincent,Courmayeur (Skyway Monte Bianco),Carapaz
2019,15,2019 102nd Giro d'Italia (2.UWT),26 May 2019,Ivrea,Como,Cataldo
2019,16,2019 102nd Giro d'Italia (2.UWT),28 May 2019,Lovere,Ponte di Legno,Ciccone
2019,17,2019 102nd Giro d'Italia (2.UWT),29 May 2019,Commezzadura (Val di Sole),Anterselva / Antholz,Peters
2019,18,2019 102nd Giro d'Italia (2.UWT),30 May 2019,Valdaora / Olang,Santa Maria di Sala,Cima
2019,19,2019 102nd Giro d'Italia (2.UWT),31 May 2019,Treviso,San Martino di Castrozza,Chaves
2019,20,2019 102nd Giro d'Italia (2.UWT),01 June 2019,Feltre,Monte Avena,Bilbao
2019,21,2019 102nd Giro d'Italia (2.UWT),02 June 2019,Verona,Verona,Haga
2020,1,2020 103rd Giro d'Italia (2.UWT),03 October 2020,Monreale,Palermo,Ganna
2020,2,2020 103rd Giro d'Italia (2.UWT),04 October 2020,Alcamo,Agrigento,Ulissi
2020,3,2020 103rd Giro d'Italia (2.UWT),05 October 2020,Enna,Etna,Caicedo
2020,4,2020 103rd Giro d'Italia (2.UWT),06 October 2020,Catania,Villafranca Tirrena,Démare
2020,5,2020 103rd Giro d'Italia (2.UWT),07 October 2020,Mileto,Camigliatello Silano,Ganna
2020,6,2020 103rd Giro d'Italia (2.UWT),08 October 2020,Castrovillari,Matera,Démare
2020,7,2020 103rd Giro d'Italia (2.UWT),09 October 2020,Matera,Brindisi,Démare
2020,8,2020 103rd Giro d'Italia (2.UWT),10 October 2020,Giovinazzo,Vieste,Dowsett
2020,9,2020 103rd Giro d'Italia (2.UWT),11 October 2020,San Salvo,Roccaraso (Aremogna),Guerreiro
2020,10,2020 103rd Giro d'Italia (2.UWT),13 October 2020,Lanciano,Tortoreto,Sagan
2020,11,2020 103rd Giro d'Italia (2.UWT),14 October 2020,Porto Sant'Elpidio,Rimini,Démare
2020,12,2020 103rd Giro d'Italia (2.UWT),15 October 2020,Cesenatico,Cesenatico,Narváez
2020,13,2020 103rd Giro d'Italia (2.UWT),16 October 2020,Cervia,Monselice,Ulissi
2020,14,2020 103rd Giro d'Italia (2.UWT),17 October 2020,Conegliano,Valdobbiadene,Ganna
2020,15,2020 103rd Giro d'Italia (2.UWT),18 October 2020,Base Aerea Rivolto,Piancavallo,Geoghegan Hart
2020,16,2020 103rd Giro d'Italia (2.UWT),20 October 2020,Udine,San Daniele del Friuli,Tratnik
2020,17,2020 103rd Giro d'Italia (2.UWT),21 October 2020,Bassano del Grappa,Madonna di Campiglio,O'Connor
2020,18,2020 103rd Giro d'Italia (2.UWT),22 October 2020,Pinzolo,Laghi di Cancano,Hindley
2020,19,2020 103rd Giro d'Italia (2.UWT),23 October 2020,Abbiategrasso,Asti,Černý
2020,20,2020 103rd Giro d'Italia (2.UWT),24 October 2020,Alba,Sestriere,Geoghegan Hart
2020,21,2020 103rd Giro d'Italia (2.UWT),25 October 2020,Cernusco sul Naviglio,Milan,Ganna
2021,1,2021 104th Giro d'Italia (2.UWT),08 May 2021,Turin,Turin,Ganna
2021,2,2021 104th Giro d'Italia (2.UWT),09 May 2021,Stupinigi,Novara,Merlier
2021,3,2021 104th Giro d'Italia (2.UWT),10 May 2021,Biella,Canale,van der Hoorn
2021,4,2021 104th Giro d'Italia (2.UWT),11 May 2021,Piacenza,Sestola,Dombrowski
2021,5,2021 104th Giro d'Italia (2.UWT),12 May 2021,Modena,Cattolica,Ewan
2021,6,2021 104th Giro d'Italia (2.UWT),13 May 2021,Grotte di Frasassi,Ascoli Piceno (San Giacomo),Mäder
2021,7,2021 104th Giro d'Italia (2.UWT),14 May 2021,Notaresco,Termoli,Ewan
2021,8,2021 104th Giro d'Italia (2.UWT),15 May 2021,Foggia,Guardia Sanframondi,Lafay
2021,9,2021 104th Giro d'Italia (2.UWT),16 May 2021,Castel di Sangro,Campo Felice (Rocca di Cambio),Bernal
2021,10,2021 104th Giro d'Italia (2.UWT),17 May 2021,L'Aquila,Foligno,Sagan
2021,11,2021 104th Giro d'Italia (2.UWT),19 May 2021,Perugia,Montalcino,Schmid
2021,12,2021 104th Giro d'Italia (2.UWT),20 May 2021,Siena,Bagno di Romagna,Vendrame
2021,13,2021 104th Giro d'Italia (2.UWT),21 May 2021,Ravenna,Verona,Nizzolo
2021,14,2021 104th Giro d'Italia (2.UWT),22 May 2021,Cittadella,Monte Zoncolan,Fortunato
2021,15,2021 104th Giro d'Italia (2.UWT),23 May 2021,Grado,Gorizia,Campenaerts
2021,16,2021 104th Giro d'Italia (2.UWT),24 May 2021,Sacile,Cortina d'Ampezzo,Bernal
2021,17,2021 104th Giro d'Italia (2.UWT),26 May 2021,Canazei,Sega di Ala,Martin
2021,18,2021 104th Giro d'Italia (2.UWT),27 May 2021,Rovereto,Stradella,Bettiol
2021,19,2021 104th Giro d'Italia (2.UWT),28 May 2021,Abbiategrasso,Alpe di Mera (Valsesia),Yates
2021,20,2021 104th Giro d'Italia (2.UWT),29 May 2021,Verbania,Valle Spluga-Alpe Motta,Caruso
2021,21,2021 104th Giro d'Italia (2.UWT),30 May 2021,Senago,Milan,Ganna
2022,1,2022 105th Giro d'Italia (2.UWT),06 May 2022,Budapest,Visegrád,van der Poel
2022,2,2022 105th Giro d'Italia (2.UWT),07 May 2022,Budapest,Budapest,Yates
2022,3,2022 105th Giro d'Italia (2.UWT),08 May 2022,Kaposvár,Balatonfüred,Cavendish
2022,4,2022 105th Giro d'Italia (2.UWT),10 May 2022,Avola,Etna,Kämna
2022,5,2022 105th Giro d'Italia (2.UWT),11 May 2022,Catania,Messina,Démare
2022,6,2022 105th Giro d'Italia (2.UWT),12 May 2022,Palmi,Scalea,Démare
2022,7,2022 105th Giro d'Italia (2.UWT),13 May 2022,Diamante,Potenza,Bouwman
2022,8,2022 105th Giro d'Italia (2.UWT),14 May 2022,Napoli,Napoli,De Gendt
2022,9,2022 105th Giro d'Italia (2.UWT),15 May 2022,Isernia,Blockhaus,Hindley
2022,10,2022 105th Giro d'Italia (2.UWT),17 May 2022,Pescara,Jesi,Girmay
2022,11,2022 105th Giro d'Italia (2.UWT),18 May 2022,Santarcangelo di Romagna,Reggio Emilia,Dainese
2022,12,2022 105th Giro d'Italia (2.UWT),19 May 2022,Parma,Genova,Oldani
2022,13,2022 105th Giro d'Italia (2.UWT),20 May 2022,Sanremo,Cuneo,Démare
2022,14,2022 105th Giro d'Italia (2.UWT),21 May 2022,Santena,Torino,Yates
2022,15,2022 105th Giro d'Italia (2.UWT),22 May 2022,Rivarolo Canavese,Cogne,Ciccone
2022,16,2022 105th Giro d'Italia (2.UWT),24 May 2022,Salò,Aprica,Hirt
2022,17,2022 105th Giro d'Italia (2.UWT),25 May 2022,Ponte di Legno,Lavarone,Buitrago
2022,18,2022 105th Giro d'Italia (2.UWT),26 May 2022,Borgo Valsugana,Treviso,De Bondt
2022,19,2022 105th Giro d'Italia (2.UWT),27 May 2022,Marano Lagunare,Santuario di Castelmonte,Bouwman
2022,20,2022 105th Giro d'Italia (2.UWT),28 May 2022,Belluno,Marmolada (Passo Fedaia),Covi
2022,21,2022 105th Giro d'Italia (2.UWT),29 May 2022,Verona,Verona,Sobrero
2023,1,2023 106th Giro d'Italia (2.UWT),06 May 2023,Fossacesia Marina,Ortona,Evenepoel
2023,2,2023 106th Giro d'Italia (2.UWT),07 May 2023,Teramo,San Salvo,Milan
2023,3,2023 106th Giro d'Italia (2.UWT),08 May 2023,Vasto,Melfi,Matthews
2023,4,2023 106th Giro d'Italia (2.UWT),09 May 2023,Venosa,Lago Laceno,Paret-Peintre
2023,5,2023 106th Giro d'Italia (2.UWT),10 May 2023,Atripalda,Salerno,Groves
2023,6,2023 106th Giro d'Italia (2.UWT),11 May 2023,Napoli,Napoli,Pedersen
2023,7,2023 106th Giro d'Italia (2.UWT),12 May 2023,Capua,Gran Sasso d'Italia (Campo Imperatore),Bais
2023,8,2023 106th Giro d'Italia (2.UWT),13 May 2023,Terni,Fossombrone,Healy
2023,9,2023 106th Giro d'Italia (2.UWT),14 May 2023,Savignano sul Rubicone,Cesena,Evenepoel
2023,10,2023 106th Giro d'Italia (2.UWT),16 May 2023,Scandiano,Viareggio,Cort
2023,11,2023 106th Giro d'Italia (2.UWT),17 May 2023,Camaiore,Tortona,Ackermann
2023,12,2023 106th Giro d'Italia (2.UWT),18 May 2023,Bra,Rivoli,Denz
2023,13,2023 106th Giro d'Italia (2.UWT),19 May 2023,Le Châble,Crans-Montana,Rubio
2023,14,2023 106th Giro d'Italia (2.UWT),20 May 2023,Sierre,Cassano Magnago,Denz
2023,15,2023 106th Giro d'Italia (2.UWT),21 May 2023,Seregno,Bergamo,McNulty
2023,16,2023 106th Giro d'Italia (2.UWT),23 May 2023,Sabbio Chiese,Monte Bondone,Almeida
2023,17,2023 106th Giro d'Italia (2.UWT),24 May 2023,Pergine Valsugana,Caorle,Dainese
2023,18,2023 106th Giro d'Italia (2.UWT),25 May 2023,Oderzo,Val di Zoldo (Palafavera),Zana
2023,19,2023 106th Giro d'Italia (2.UWT),26 May 2023,Longarone,Tre Cime di Lavaredo,Buitrago
2023,20,2023 106th Giro d'Italia (2.UWT),27 May 2023,Tarvisio,Monte Lussari,Roglič
2023,21,2023 106th Giro d'Italia (2.UWT),28 May 2023,Roma,Roma,Cavendish
2024,1,2024 107th Giro d'Italia (2.UWT),04 May 2024,Venaria Reale,Torino,Narváez
2024,2,2024 107th Giro d'Italia (2.UWT),05 May 2024,San Francesco al Campo,Santuario di Oropa,Pogačar
2024,3,2024 107th Giro d'Italia (2.UWT),06 May 2024,Novara,Fossano,Merlier
2024,4,2024 107th Giro d'Italia (2.UWT),07 May 2024,Acqui Terme,Andora,Milan
2024,5,2024 107th Giro d'Italia (2.UWT),08 May 2024,Genova,Lucca,Thomas
2024,6,2024 107th Giro d'Italia (2.UWT),09 May 2024,Viareggio,Rapolano Terme,Sánchez
2024,7,2024 107th Giro d'Italia (2.UWT),10 May 2024,Foligno,Perugia,Pogačar
2024,8,2024 107th Giro d'Italia (2.UWT),11 May 2024,Spoleto,Prati di Tivo,Pogačar
2024,9,2024 107th Giro d'Italia (2.UWT),12 May 2024,Avezzano,Naples,Kooij
2024,10,2024 107th Giro d'Italia (2.UWT),14 May 2024,Pompei,Bocca della Selva,Paret-Peintre
2024,11,2024 107th Giro d'Italia (2.UWT),15 May 2024,Foiano di Val Fortore,Francavilla al Mare,Milan
2024,12,2024 107th Giro d'Italia (2.UWT),16 May 2024,Martinsicuro,Fano,Alaphilippe
2024,13,2024 107th Giro d'Italia (2.UWT),17 May 2024,Riccione,Cento,Milan
2024,14,2024 107th Giro d'Italia (2.UWT),18 May 2024,Castiglione delle Stiviere,Desenzano del Garda,Ganna
2024,15,2024 107th Giro d'Italia (2.UWT),19 May 2024,Manerba del Garda,Livigno (Mottolino),Pogačar
2024,16,2024 107th Giro d'Italia (2.UWT),21 May 2024,Laas,Santa Cristina Valgardena (Monte Pana),Pogačar
2024,17,2024 107th Giro d'Italia (2.UWT),22 May 2024,Selva di Val Gardena,Passo Brocon,Steinhauser
2024,18,2024 107th Giro d'Italia (2.UWT),23 May 2024,Fiera di Primiero,Padova,Merlier
2024,19,2024 107th Giro d'Italia (2.UWT),24 May 2024,Mortegliano,Sappada,Vendrame
2024,20,2024 107th Giro d'Italia (2.UWT),25 May 2024,Alpago,Bassano del Grappa,Pogačar
2024,21,2024 107th Giro d'Italia (2.UWT),26 May 2024,Rome,Rome,Merlier
2025,1,2025 108th Giro d'Italia (2.UWT),09 May 2025,Durrës,Tirana,Pedersen
2025,2,2025 108th Giro d'Italia (2.UWT),10 May 2025,Tirana,Tirana,Tarling
2025,3,2025 108th Giro d'Italia (2.UWT),11 May 2025,Vlorë,Vlorë,Pedersen
2025,4,2025 108th Giro d'Italia (2.UWT),13 May 2025,Alberobello (Pietramadre),Lecce,van Uden
2025,5,2025 108th Giro d'Italia (2.UWT),14 May 2025,Ceglie Messapica,Matera,Pedersen
2025,6,2025 108th Giro d'Italia (2.UWT),15 May 2025,Potenza,Napoli,Groves
2025,7,2025 108th Giro d'Italia (2.UWT),16 May 2025,Castel di Sangro,Tagliacozzo (Marsia),Ayuso
2025,8,2025 108th Giro d'Italia (2.UWT),17 May 2025,Giulianova,Castelraimondo,Plapp
2025,9,2025 108th Giro d'Italia (2.UWT),18 May 2025,Gubbio,Siena,van Aert
2025,10,2025 108th Giro d'Italia (2.UWT),20 May 2025,Lucca,Pisa,Hoole
2025,11,2025 108th Giro d'Italia (2.UWT),21 May 2025,Viareggio,Castelnovo ne' Monti,Carapaz
2025,12,2025 108th Giro d'Italia (2.UWT),22 May 2025,Modena,Viadana (Oglio-Po),Kooij
2025,13,2025 108th Giro d'Italia (2.UWT),23 May 2025,Rovigo,Vicenza,Pedersen
2025,14,2025 108th Giro d'Italia (2.UWT),24 May 2025,Treviso,Nova Gorica,Asgreen
2025,15,2025 108th Giro d'Italia (2.UWT),25 May 2025,Fiume Veneto,Asiago,Verona
2025,16,2025 108th Giro d'Italia (2.UWT),27 May 2025,Piazzola sul Brenta,San Valentino (Brentonico),Scaroni
2025,17,2025 108th Giro d'Italia (2.UWT),28 May 2025,San Michele all’Adige (Fondazione Edmund Mach),Bormio,del Toro
2025,18,2025 108th Giro d'Italia (2.UWT),29 May 2025,Morbegno,Cesano Maderno,Denz
2025,19,2025 108th Giro d'Italia (2.UWT),30 May 2025,Biella,Champoluc,Prodhomme
2025,20,2025 108th Giro d'Italia (2.UWT),31 May 2025,Verrès,Sestrière (Vialattea),Harper
2025,21,2025 108th Giro d'Italia (2.UWT),01 June 2025,Roma,Roma,Kooij
